,model_name,MAE,RMSE,R2
0,GPR_b1_out.joblib,0.0021780472392750384,0.0033043286727701808,0.9999944157405273
1,GPR_b2_in.joblib,0.0030488253338644355,0.003662565361206768,0.9999923907381553
2,GPR_b2_out.joblib,0.004336726690389092,0.005370111859411664,0.999980144651026
3,GPR_b3_in.joblib,0.004601537883606355,0.006038496428225963,0.9999715878612152
4,GPR_b3_out.joblib,0.004773281672385643,0.006024955968185512,0.9999673768904671
5,GPR_b4_in.joblib,0.0068467137327486325,0.010169874175008456,0.9999008084402865
6,GPR_b4_out.joblib,0.007111877395277233,0.009156972956213639,0.9999139072957688
7,GPR_b5_in.joblib,0.005068964771548679,0.0073006307849373476,0.999932464330664
8,GPR_b5_out.joblib,0.0060279171623632164,0.00798706081320743,0.9999193781588156
9,GPR_b6_in.joblib,0.005661999144649954,0.007474601903879922,0.9999191350128057
10,GPR_b6_out.joblib,0.006079149371163694,0.007449574893483495,0.9999250705507863
11,GPR_b7_in.joblib,0.0054568827487482706,0.007312644737496334,0.9999221173544951
12,GPR_b7_out.joblib,0.005288352345274383,0.006865133180969212,0.999937628636674
13,GPR_b8_in.joblib,0.006275113508393026,0.008006826744764758,0.9999117551745554
14,GPR_b8_out.joblib,0.0053419299356951555,0.006653181058566345,0.9999447048103219
