label,inlet_velocity,inlet_temp,battery_temp,cooler_1_temp,cooler_2_temp,cooler_3_temp,cooler_4_temp,cooler_5_temp,cooler_6_temp,cooler_7_temp,b1_in,b1_out,b2_in,b2_out,b3_in,b3_out,b4_in,b4_out,b5_in,b5_out,b6_in,b6_out,b7_in,b7_out,b8_in,b8_out
1,1.24,16.93,34.1,14.89,12.48,11.52,7.61,8.17,5.59,14.78,290.08,292.20148,292.02911,293.9687,293.63087,295.47446,295.0664,296.64833,295.99447,297.33038,296.70058,298.10803,297.37878,298.70121,298.29599,299.44364
2,1.32,19.28,34.07,12.65,5.34,13.59,14.5,9.8,11.57,11.61,292.43,294.24768,293.9213,295.60606,294.93053,296.59414,296.22213,297.64119,297.23013,298.41449,297.81535,299.06302,298.52787,299.68911,299.13303,300.14654
3,2.3,19.31,30.56,8.92,11.81,13.27,6.58,11.12,6.83,10.25,292.46,293.77821,293.35274,294.59434,294.22175,295.45207,295.1197,296.164,295.5049,296.42953,295.97309,296.95527,296.34125,297.2866,296.78425,297.62096
4,1.76,15.9,30.19,12.27,14.54,10.59,14.27,10.26,10.79,9.81,289.05,290.76427,290.55979,292.1433,291.96364,293.46401,293.10481,294.39222,294.10196,295.1674,294.72066,295.83852,295.39716,296.43565,295.9402,296.85946
5,1,15.54,32.91,12.79,10.13,11.77,10.9,13.95,14.21,10.71,288.69,290.88129,290.67443,292.67844,292.29813,294.19619,293.83393,295.4543,294.9677,296.31045,295.94077,297.31558,296.92669,298.18203,297.63618,298.72944
6,1.05,17.32,30.68,7.97,14.13,12.05,7.46,5.46,14.27,14.76,290.47,292.14658,291.71163,293.28407,293.03998,294.52098,294.15471,295.43406,294.80538,295.90628,295.22359,296.39187,296.04588,297.10883,296.75845,297.67598
7,1.75,17.55,33.67,8.61,5.21,6.18,6.66,6.75,5.84,14.22,290.7,292.63738,292.23016,294.03745,293.42151,295.19132,294.61218,296.1439,295.47279,296.78329,296.13945,297.52936,296.84544,298.14875,297.75119,298.89029
8,1.11,16.17,33.84,10.99,10.88,5.59,5.27,10.81,8.38,8.81,289.32,291.52749,291.22886,293.26274,292.88807,294.81623,294.20572,295.88127,295.15629,296.56976,296.0716,297.54086,296.93318,298.29613,297.67981,298.86756
9,2.63,18.21,30.16,10.07,8.8,7,13.13,9.62,7.87,6.5,291.36,292.74054,292.39535,293.69112,293.23851,294.5346,294.02621,295.13494,294.77964,295.74433,295.25819,296.27011,295.72443,296.6901,296.07966,296.92537
10,3,16.39,32.17,13.82,14.31,6.37,14.07,9.4,8.24,13.92,289.54,291.34408,291.17827,292.84612,292.63608,294.24167,293.73037,295.12531,294.81034,295.98431,295.48565,296.70976,296.15952,297.3203,296.95429,297.92997
11,2.54,17.69,32.73,10.68,12.73,8.57,12.14,9.27,11.52,7.44,290.84,292.58207,292.25804,293.88657,293.57489,295.1537,294.66398,296.01683,295.5857,296.74338,296.20965,297.4259,296.96424,298.10782,297.4778,298.48194
12,1.01,16.62,32.09,7.54,11.19,8.93,5.85,11.85,6.94,14.93,289.77,291.71822,291.28069,293.09898,292.74508,294.4655,293.99064,295.47973,294.78201,296.05325,295.61254,296.92052,296.27556,297.5001,297.13803,298.19368
13,2.02,16.95,33.76,7.62,13.6,7.86,10.67,11.55,7.08,9.1,290.1,292.09695,291.6786,293.54227,293.27268,295.05046,294.53859,296.06259,295.5616,296.8495,296.38959,297.73906,297.1018,298.37108,297.78375,298.89076
14,2.73,19.94,31.47,12.23,13.62,9.68,12.28,12.78,13.57,10.56,293.09,294.41828,294.0901,295.34072,295.00927,296.23857,295.7682,296.8274,296.37404,297.30709,296.88377,297.8557,297.45436,298.36759,297.84366,298.63172
15,2.89,19.03,32.92,5.82,7.42,10.91,7.39,9.06,11.06,12.4,292.18,293.77411,293.24512,294.75634,294.21415,295.7237,295.31259,296.6114,295.9763,297.1126,296.56137,297.74954,297.25926,298.37771,297.91897,298.87205
16,1.16,19.74,34.68,6.3,5.08,8.29,11.67,5.13,9.61,8.25,292.89,294.74739,294.15408,295.90678,295.20231,296.92579,296.34602,297.84285,297.30156,298.55737,297.75401,299.10875,298.48924,299.75022,299.05864,300.16662
17,2.28,19.4,34.62,7.08,9.66,10.15,5.45,7.17,9.51,8.6,292.55,294.34013,293.82643,295.51499,295.02297,296.67507,296.18367,297.5921,296.83213,298.06516,297.40264,298.72284,298.14014,299.37666,298.73575,299.83292
18,1.21,17.91,30.53,9.32,12.91,13.88,13.26,11.24,9.84,8.53,291.06,292.62151,292.2276,293.69123,293.38453,294.78399,294.48911,295.68188,295.29709,296.2963,295.82391,296.87392,296.35163,297.33448,296.74622,297.62291
19,2.32,18.42,31.43,6.79,13.65,5.73,13.83,5.96,14.17,8.19,291.57,293.0934,292.61969,294.04979,293.76566,295.163,294.57569,295.79956,295.44194,296.47033,295.82015,296.93587,296.58646,297.61487,297.02662,297.93762
20,2.82,18.26,33.54,8.05,13.07,8.55,9.82,12.93,7.43,13.27,291.41,293.16663,292.73325,294.39091,294.07351,295.68484,295.17386,296.54753,296.00714,297.20982,296.79478,298.02974,297.40682,298.58539,298.15011,299.16798
21,1.86,15.56,32.05,5.71,10.44,10.43,13.31,9.01,9.08,11.9,288.71,290.6797,290.24075,292.07118,291.73527,293.4997,293.13757,294.65005,294.31477,295.56367,295.05237,296.36706,295.84112,297.06112,296.6198,297.6855
22,2.86,19.59,32.24,8.45,11.25,14.01,6.83,7.64,7.76,13.98,292.74,294.19153,293.73636,295.11437,294.70388,296.06924,295.74792,296.89928,296.22757,297.26249,296.64918,297.74582,297.14614,298.18975,297.79386,298.68401
23,2.2,15.11,30.65,9.88,11.71,8.16,14.4,5.1,7.01,13.2,288.26,290.09396,289.82799,291.51198,291.24992,292.87281,292.45024,293.83398,293.58433,294.7397,294.11936,295.35406,294.80725,295.96314,295.61232,296.61188
24,2.69,17.95,33.1,13.26,8.44,11.05,10.38,9.09,9.32,14.4,291.1,292.84812,292.60814,294.22815,293.73916,295.34196,294.94413,296.30194,295.78884,296.96748,296.41666,297.65223,297.09909,298.26735,297.88036,298.88026
25,1.11,16.96,33.84,12.7,10.78,11.29,13.46,12.98,10.27,11.58,290.11,292.21869,291.95967,293.89891,293.49568,295.34256,294.92539,296.50827,296.09515,297.39717,296.95199,298.30254,297.73768,298.99145,298.45313,299.54689
26,2.07,15,31.57,10.75,14.51,5.13,5.89,7.92,5.56,10.74,288.15,290.11438,289.87796,291.68503,291.52302,293.23704,292.68769,294.1619,293.54996,294.81648,294.29778,295.63161,295.01416,296.26964,295.81667,296.91477
27,1.61,17.42,31.63,13.79,7.72,5.39,10.87,9.31,5.48,10.96,290.57,292.28747,292.08038,293.66559,293.1629,294.7042,294.11591,295.46136,294.99462,296.13021,295.60824,296.80557,296.13081,297.26597,296.78004,297.78408
28,1.36,16.42,34,6.74,13.85,12.74,9.63,13.9,6.48,10.65,289.57,291.72676,291.27671,293.273,293.01926,294.91357,294.57926,296.19872,295.63836,296.99908,296.60746,298.00148,297.31208,298.62436,298.07444,299.22412
29,1.76,16.52,34.48,6.11,12.22,13.7,14.32,7.55,9.54,7.2,289.67,291.82619,291.36069,293.37436,293.05419,294.97571,294.67357,296.30705,295.93945,297.28915,296.65895,298.08276,297.51174,298.83491,298.1552,299.32929
30,2.52,18.42,30,5.8,13.93,12.32,11.88,13.37,8.73,6.09,291.57,292.91158,292.4084,293.68737,293.43102,294.67859,294.35195,295.4102,294.9944,295.91345,295.56359,296.5168,295.98795,296.90233,296.26708,297.07901
31,2.78,19.94,31.87,8.82,10.37,11.74,6.06,11.97,12.07,13.35,293.09,294.46287,294.01471,295.31672,294.86259,296.16302,295.7525,296.86356,296.1618,297.15601,296.70951,297.75106,297.2985,298.28,297.85956,298.70904
32,1.5,16.03,30.62,13.51,6.55,8.87,11.54,13.85,8.11,7.96,289.18,290.95269,290.78276,292.41493,291.91087,293.49553,293.0767,294.43855,294.0382,295.17471,294.85604,296.02316,295.47654,296.57126,295.99902,296.97358
33,2.59,17.27,34.57,14.26,12.57,7.45,9.41,10.78,9.01,10.59,290.42,292.42195,292.22908,294.07228,293.7459,295.53442,294.99158,296.52731,295.96803,297.2983,296.79726,298.16827,297.59164,298.88775,298.34381,299.46681
34,2.74,18.84,34.79,12.37,7.03,13.94,6.4,6.97,6.44,11,291.99,293.82746,293.52107,295.22925,294.6474,296.34913,296.01732,297.4493,296.73647,297.99413,297.33065,298.66367,297.98174,299.24721,298.70591,299.79446
35,2.65,16.72,32.74,13.38,13.89,10.65,12.92,8.07,12.7,8.44,289.87,291.72092,291.5233,293.23107,292.9889,294.63767,294.25252,295.65251,295.26932,296.46892,295.90103,297.1571,296.74477,297.91469,297.33295,298.34051
36,1.88,17.94,33.93,11.46,6.18,13.62,8.69,9.89,6.22,7.82,291.09,292.99884,292.68549,294.45721,293.86611,295.60557,295.27837,296.75725,296.15013,297.4046,296.85997,298.18027,297.48789,298.73432,298.08505,299.18443
37,2.44,15.38,31.52,9.2,9.33,13.14,10.49,13.69,13.99,14.44,288.53,290.40674,290.10701,291.84868,291.48374,293.18472,292.92807,294.35087,293.91874,295.134,294.82167,296.06332,295.73484,296.88641,296.54865,297.53516
38,1.22,16.83,33.17,12.91,12.31,10.55,9.64,6.78,7.98,5.61,289.98,292.00373,291.76684,293.62318,293.29168,295.06509,294.63589,296.15157,295.6003,296.8753,296.20808,297.55781,296.93694,298.19705,297.4669,298.58006
39,1.99,16.26,31.36,8.18,7.78,8.36,7.49,5.48,5.04,10.05,289.41,291.20445,290.83853,292.51338,292.06098,293.69254,293.24116,294.62818,294.06064,295.25075,294.62377,295.89625,295.25057,296.45039,295.965,297.00655
40,2.83,19.82,31.95,10.45,7.56,5.3,13.65,6.71,6.66,9.66,292.97,294.36362,293.97601,295.29207,294.73023,296.05663,295.43541,296.58283,296.19285,297.18959,296.54861,297.62362,296.98483,298.01336,297.47043,298.36358
41,1.44,19.72,32.28,5.28,10.48,9.84,6.51,12.61,11,6.2,292.87,294.40109,293.80812,295.26828,294.80926,296.22948,295.74301,296.97966,296.26899,297.34516,296.89417,298.02148,297.49882,298.55234,297.83755,298.78692
42,2.31,15.15,31.84,9.36,13.4,12.31,5.51,7.33,12.91,8.12,288.3,290.26309,289.9742,291.77634,291.56781,293.3046,293.00513,294.46478,293.82921,295.08093,294.5324,295.85921,295.50353,296.72867,296.17007,297.24218
43,2.25,19.24,34.22,12.64,9.38,11.37,7.19,8.57,12.04,8.05,292.39,294.15388,293.84399,295.47168,294.97005,296.57792,296.13651,297.5025,296.81347,298.00608,297.39396,298.66483,298.17514,299.35835,298.69721,299.75243
44,1.54,17.48,33.55,5.41,13.52,12.15,6.44,5.18,10.53,5.45,290.63,292.57909,292.05745,293.88896,293.59908,295.33661,294.96584,296.45939,295.7729,297.04671,296.32759,297.69354,297.17099,298.43074,297.69858,298.82326
45,2.11,15.44,30.03,8.51,14.79,13.37,13.76,11.9,13.92,11.14,288.59,290.31672,289.99622,291.59251,291.44451,292.96843,292.72576,294.00733,293.7252,294.79955,294.43236,295.54817,295.23676,296.26559,295.83174,296.73206
46,2.19,18.46,34.71,11.55,6.6,12.79,9.12,8.82,13.05,11.05,291.61,293.52784,293.19906,294.97968,294.38894,296.13832,295.76328,297.24056,296.65172,297.91447,297.3132,298.65771,298.20137,299.44935,298.89178,299.98886
47,2.72,18.82,31.26,9.63,14.82,6.09,14.01,12.16,7.35,11.38,291.97,293.40444,293.01924,294.3731,294.12641,295.43953,294.85982,296.00194,295.64468,296.63443,296.20847,297.24148,296.63527,297.62308,297.14981,298.01381
48,2.36,19.43,33.66,7.59,7.91,7.59,7.94,7.06,11.33,11.26,292.58,294.2433,293.75678,295.31974,294.7672,296.32776,295.75618,297.09853,296.45369,297.62127,296.96787,298.21972,297.7271,298.89507,298.37363,299.39495
49,1.67,17.14,31.77,14.19,10.64,7.82,11.22,7.67,12.62,7.3,290.29,292.05254,291.86854,293.49227,293.11015,294.67296,294.17491,295.5292,295.0827,296.21728,295.6287,296.84284,296.4313,297.55094,296.92015,297.91265
50,2.71,19.71,33.97,13.95,12.77,6.26,8.34,11.81,13.79,6.42,292.86,294.50395,294.23143,295.75603,295.37699,296.87885,296.25991,297.55631,296.91519,298.06628,297.57728,298.77657,298.34805,299.46829,298.75603,299.73346
51,1.06,19.62,30.06,7.18,6.78,7.05,11.87,6.61,14.46,13.24,292.77,294.07795,293.54358,294.79999,294.20489,295.44504,294.86287,295.96124,295.49735,296.43727,295.77802,296.78913,296.43561,297.35864,296.94118,297.74497
52,2.78,16.58,32.82,11.15,11.11,7.19,11.19,5.01,11.28,13.53,289.73,291.59957,291.32909,293.06229,292.71981,294.41094,293.89793,295.3459,294.9058,296.14731,295.48126,296.79773,296.34853,297.57458,297.18444,298.23255
53,1.92,17.07,30.44,10.78,9.84,9.15,13.04,5.6,8.45,11.75,290.22,291.81295,291.51815,292.99959,292.60775,294.04917,293.61609,294.84942,294.49609,295.53635,294.90283,296.02691,295.49861,296.54899,296.12076,297.03722
54,2.99,19.45,32.19,8.57,11.44,8.43,7.26,7.03,5.63,8.77,292.6,294.05574,293.61756,295.00014,294.59876,295.96774,295.45911,296.6496,296.00811,297.05903,296.43406,297.54932,296.88116,297.94744,297.37647,298.29452
55,2.7,17.47,30.1,6.44,10.23,10.98,5.02,6.32,7.53,13.9,290.62,292.076,291.62824,293.0071,292.63561,293.99515,293.64313,294.7952,294.13287,295.15732,294.57204,295.66506,295.12081,296.15518,295.82751,296.71137
56,1.03,16.46,30.8,10.4,13.44,14.07,12.07,12.74,7.7,7.78,289.61,291.41297,291.09794,292.76657,292.51366,294.08516,293.81569,295.15802,294.73551,295.85953,295.46062,296.61212,296.01095,297.09169,296.47572,297.43886
57,1.7,17.46,30.24,6.89,9.09,5.61,7.13,7.6,11.43,10.38,290.61,292.14749,291.6995,293.15089,292.72379,294.13634,293.5778,294.80812,294.21791,295.27292,294.72082,295.84942,295.42726,296.47255,296.00154,296.92219
58,1.3,19.36,30.81,12.05,11.29,10.26,9.72,12.02,11.45,12.19,292.51,293.91707,293.58456,294.89936,294.48171,295.76834,295.30503,296.42283,295.86468,296.83351,296.37486,297.38151,296.90122,297.84492,297.37952,298.21178
59,2.12,17.29,32.86,5.94,8.64,12.53,6.19,6.07,8.35,13.08,290.44,292.28163,291.79917,293.51741,293.05772,294.74647,294.40631,295.82576,295.17531,296.40247,295.75441,297.06583,296.50194,297.72929,297.30847,298.36696
60,1.84,16.01,33.19,9.02,15,13.47,11.29,11.33,9.72,9.34,289.16,291.21523,290.87749,292.77749,292.59004,294.39216,294.10421,295.63056,295.17026,296.45116,295.99415,297.32973,296.79941,298.04314,297.47224,298.56902
61,2.98,18.54,33.5,10.37,6.88,5.41,14.61,13.68,5.13,13.62,291.69,293.40312,293.04582,294.65115,294.09217,295.6899,295.07892,296.45758,296.10912,297.29306,296.90485,298.11613,297.4076,298.5749,298.15331,299.14814
62,2.05,16.85,31.92,12.08,9.07,8.65,11.57,10.67,5.52,6.2,290,291.78598,291.53882,293.18813,292.76037,294.36617,293.91125,295.28491,294.85306,296.01514,295.5545,296.77306,296.11319,297.26903,296.61847,297.63541
63,2.15,19.13,34.38,11.94,6.96,9.18,9.97,11.24,14.1,12.41,292.28,294.08161,293.74901,295.41246,294.81877,296.47101,295.95423,297.37478,296.81245,298.02267,297.50681,298.78647,298.36569,299.55113,299.04291,300.07798
64,1.96,16.64,30.76,13.35,7.84,14.72,5.77,6.93,6.85,7.41,289.79,291.46852,291.27754,292.81829,292.35741,293.87336,293.64519,294.91402,294.26388,295.36326,294.78478,295.96303,295.38293,296.48898,295.90702,296.87558
65,1.27,15.72,32.5,14.43,5.14,11.21,8.64,13.02,8.69,12.72,288.87,290.94104,290.80075,292.68994,292.11402,293.94587,293.58123,295.1471,294.60362,295.92653,295.53884,296.87952,296.31156,297.56499,297.12606,298.21241
66,2.51,18.88,33.73,9.79,11.61,7.99,9.77,7.11,9.82,9.58,292.03,293.75207,293.35768,294.97192,294.57754,296.15408,295.62866,296.98374,296.41892,297.6016,296.95817,298.21245,297.65965,298.84094,298.26095,299.29514
67,1.97,16.04,34.42,12.44,6.15,9.45,5.69,13.76,12.11,13.86,289.19,291.37568,291.15126,293.17259,292.62852,294.59153,294.14791,295.80785,295.1219,296.53706,296.16853,297.63067,297.17103,298.52336,298.10299,299.27083
68,1.37,17.39,32.26,13.29,9.94,11.5,11.12,14.74,11.03,6.67,290.54,292.362,292.13102,293.80821,293.3823,294.99861,294.61251,296.002,295.51145,296.68049,296.33574,297.53469,297.03597,298.15137,297.47083,298.47227
69,1.39,18.94,31.22,12.94,10.73,14.99,10.7,5.24,9.97,14.14,292.09,293.59066,293.30511,294.69825,294.27053,295.6236,295.34693,296.50712,295.98351,296.97434,296.25143,297.33089,296.80112,297.80597,297.41703,298.29367
70,2.43,18.86,31.62,14.23,6.68,14.66,12.49,14.86,13.09,12.47,292.01,293.49327,293.26537,294.63647,294.06584,295.45151,295.17236,296.34695,295.91766,296.92175,296.58894,297.61876,297.20599,298.17499,297.72067,298.57371
71,2.37,18.71,31.04,8.09,9.23,10.1,11.49,10.93,8.54,7.74,291.86,293.30161,292.86578,294.21854,293.75984,295.10852,294.67663,295.82946,295.3793,296.37125,295.91466,296.9632,296.4128,297.41008,296.81351,297.69976
72,1.33,15.39,34.88,8.68,7.57,12.99,10.54,6.44,6.09,12.2,288.54,290.93594,290.58391,292.79368,292.31321,294.43471,294.11735,295.91092,295.40124,296.90926,296.22866,297.79216,297.09533,298.55736,298.06213,299.32848
73,1.58,19.61,30.34,5.56,9.72,8.12,9.55,5.44,10.06,7.26,292.76,294.05646,293.49386,294.73955,294.27411,295.50216,294.98236,296.05785,295.5099,296.44249,295.75619,296.77731,296.27078,297.22177,296.60487,297.44827
74,1.68,16.88,32.36,8.74,7.96,8.61,12.99,14.99,11.18,14.26,290.03,291.89505,291.52062,293.25971,292.7788,294.46376,294.00041,295.45154,295.06644,296.27326,295.95964,297.20357,296.7183,297.87462,297.48842,298.49747
75,2.58,17.2,31.14,10.84,5.98,14.46,11.75,10.18,13.33,13.01,290.35,291.96403,291.67078,293.17365,292.6332,294.13631,293.89696,295.14999,294.73829,295.81764,295.35241,296.47714,296.11407,297.16175,296.76541,297.66602
76,2.34,15.97,31.6,5.86,8.73,12.83,8.23,6.52,11.8,10.02,289.12,290.95513,290.51902,292.22234,291.82047,293.4941,293.2093,294.61478,294.08108,295.28169,294.69288,295.97265,295.57014,296.74984,296.25862,297.29108
77,1.57,19.68,32.26,9.43,13.24,9.72,7.75,6.12,13.4,14.66,292.83,294.35143,293.91413,295.35018,294.99578,296.37972,295.88823,297.09253,296.42672,297.47635,296.77606,297.91291,297.48344,298.53021,298.13272,299.05133
78,2.15,17.11,33.41,8.85,11.56,13.81,13.7,11.43,11.53,8.93,290.26,292.18605,291.81026,293.59061,293.24229,294.96738,294.67034,296.13363,295.76518,296.98466,296.51474,297.79637,297.31917,298.51335,297.91728,298.96858
79,2.29,16.52,30.23,9.74,9.6,5.35,5.29,10.75,6.37,12.02,289.67,291.27741,290.96931,292.45756,292.08088,293.54446,292.99444,294.25583,293.62078,294.72052,294.31351,295.4626,294.89179,295.98239,295.59155,296.53863
80,1.73,16.91,30.59,9.72,11.48,14.15,14.96,9.95,9.89,12.05,290.06,291.70313,291.37334,292.9066,292.5787,294.05363,293.79888,295.053,294.76529,295.80047,295.31473,296.41109,295.91374,296.93868,296.50462,297.41064
81,2.85,15.07,34.04,14.06,11.79,13.07,8.65,14.19,11.62,11.64,288.22,290.39995,290.27086,292.26972,291.98331,293.91891,293.63271,295.27757,294.7413,296.13782,295.80898,297.22554,296.77232,298.09911,297.6235,298.75316
82,2.82,17.84,30.86,8.22,13.75,10.2,14.96,14.82,9.18,10.35,290.99,292.48652,292.08498,293.50059,293.24508,294.61931,294.207,295.37674,295.08543,296.09044,295.78716,296.81264,296.29565,297.27507,296.78355,297.63893
83,1.42,15.17,32.45,14.85,8.61,10.4,10.98,9.83,5.21,5.23,288.32,290.43098,290.32539,292.24876,291.83221,293.67417,293.29354,294.87077,294.42445,295.74156,295.2444,296.61308,295.931,297.21444,296.51985,297.66013
84,2.24,18.53,32.51,9.85,8.33,7.74,12.17,13.12,6.34,13.5,291.68,293.3259,292.94795,294.48031,293.97563,295.49107,294.9595,296.25851,295.82058,296.93521,296.53382,297.69394,297.03312,298.14106,297.72427,298.68957
85,2.3,15.52,31.11,14.34,14.44,7.12,8.18,12.41,5.71,11.2,288.67,290.50369,290.38199,292.04762,291.8708,293.47258,292.9884,294.35784,293.83303,295.00968,294.65283,295.86826,295.25179,296.41049,295.97312,296.98448
86,1.79,17.62,34.28,5.88,5.51,13.02,13.97,12.04,14.38,11.34,290.77,292.76714,292.25767,294.13329,293.52848,295.36204,295.0213,296.57593,296.18401,297.48125,297.0133,298.36418,297.95585,299.19704,298.65654,299.75189
87,1.65,16.19,34.5,10.18,8.16,12,13.73,5.65,8.88,14.51,289.34,291.54985,291.23603,293.27829,292.80663,294.76966,294.41453,296.09143,295.71032,297.09685,296.39402,297.86749,297.27589,298.63968,298.23299,299.41713
88,1.68,17.88,32.14,8.3,8.17,5.76,5.38,12.47,12.74,8.66,291.03,292.74752,292.32785,293.93858,293.43996,295.00927,294.42458,295.79137,295.08456,296.26235,295.85377,297.0851,296.66162,297.79801,297.20957,298.21889
89,2.16,17.73,34.84,13.42,14.71,8.14,10.1,6.15,10.91,6.73,290.88,292.90252,292.66118,294.52628,294.26288,296.03968,295.50048,297.0257,296.47842,297.77404,297.07685,298.47274,297.94463,299.24155,298.54005,299.68678
90,2.47,15.5,31.14,11.44,8.81,13.88,12.91,14.23,6.47,8.38,288.65,290.46641,290.2445,291.91951,291.53131,293.1722,292.9433,294.31574,293.98266,295.1428,294.85166,296.04048,295.44838,296.58133,296.03966,297.03135
91,2.4,16.71,31.98,14.14,14.72,7.29,8.42,10.64,7.47,11.95,289.86,291.63852,291.47007,293.10539,292.89954,294.47057,293.96663,295.31752,294.76556,295.93986,295.48213,296.7036,296.12321,297.27903,296.83917,297.8392
92,2.12,17.74,30.46,14.96,12,14.48,12.44,8.99,14.35,13.58,290.89,292.39321,292.22898,293.60669,293.2747,294.62117,294.35848,295.49039,295.09868,296.06277,295.53777,296.57041,296.24028,297.19357,296.81156,297.64086
93,2.76,19.06,30.67,8.98,13.15,10.71,8.95,8.09,7.18,11.81,292.21,293.54718,293.13547,294.39955,294.08689,295.32947,294.92048,295.98512,295.43224,296.37491,295.81456,296.82178,296.22686,297.18977,296.75171,297.58509
94,1.23,19.27,32.71,12.45,9.13,14.23,6.84,13.2,7.28,8.24,292.42,294.08036,293.74993,295.29558,294.77554,296.28293,295.94717,297.23491,296.52953,297.63557,297.19026,298.34345,297.66998,298.76807,298.11541,299.09443
95,1.09,15.76,31.9,12.5,11.98,6.51,5.61,8.53,14.69,12.15,288.91,290.92918,290.71263,292.56509,292.2617,294.0127,293.46689,294.99044,294.30966,295.60184,295.05049,296.40268,296.06906,297.29348,296.83789,297.89813
96,1.59,15.76,31.26,10.27,11.88,13.72,12.77,9.5,12.26,12.58,288.91,290.78562,290.50402,292.24098,291.95391,293.60268,293.35359,294.75685,294.39549,295.56069,295.06152,296.28748,295.88126,297.00676,296.59148,297.57858
97,2.22,18.63,34.14,8.43,14.04,11.02,10.6,12.59,14.58,8.99,291.78,293.60881,293.16655,294.8648,294.56361,296.20933,295.774,297.17424,296.64855,297.84202,297.3857,298.6435,298.24577,299.41223,298.79013,299.81762
98,1.98,15.94,33.9,13.44,7.99,8.82,10.74,13.62,12.66,8.35,289.09,291.22523,291.04354,293.00797,292.5449,294.43988,293.98387,295.60042,295.11931,296.48018,296.11098,297.51146,297.08156,298.37654,297.75681,298.89846
99,2.26,18.9,31.53,8.9,12.35,9.28,7.91,11.04,8.59,11.49,292.05,293.5319,293.11434,294.50489,294.15517,295.5187,295.03825,296.21294,295.60387,296.62846,296.16164,297.24482,296.68832,297.71359,297.24244,298.14298
100,2.53,16.22,32.42,6.19,13.28,5.86,13.17,6.52,10.72,13.15,289.37,291.24797,290.81334,292.57304,292.33139,294.02918,293.49087,294.94391,294.59574,295.83565,295.23307,296.53617,296.07721,297.29709,296.90061,297.94038