Sample_ID,inlet_velociy,inlet_temp,battery_temp,cooler_1_temp,cooler_2_temp,cooler_3_temp,cooler_4_temp,cooler_5_temp,cooler_6_temp,cooler_7_temp
1,1.24,16.93,34.1,14.89,12.48,11.52,7.61,8.17,5.59,14.78
2,1.32,19.28,34.07,12.65,5.34,13.59,14.5,9.8,11.57,11.61
3,2.3,19.31,30.56,8.92,11.81,13.27,6.58,11.12,6.83,10.25
4,1.76,15.9,30.19,12.27,14.54,10.59,14.27,10.26,10.79,9.81
5,1.0,15.54,32.91,12.79,10.13,11.77,10.9,13.95,14.21,10.71
6,1.05,17.32,30.68,7.97,14.13,12.05,7.46,5.46,14.27,14.76
7,1.75,17.55,33.67,8.61,5.21,6.18,6.66,6.75,5.84,14.22
8,1.11,16.17,33.84,10.99,10.88,5.59,5.27,10.81,8.38,8.81
9,2.63,18.21,30.16,10.07,8.8,7.0,13.13,9.62,7.87,6.5
10,3.0,16.39,32.17,13.82,14.31,6.37,14.07,9.4,8.24,13.92
11,2.54,17.69,32.73,10.68,12.73,8.57,12.14,9.27,11.52,7.44
12,1.01,16.62,32.09,7.54,11.19,8.93,5.85,11.85,6.94,14.93
13,2.02,16.95,33.76,7.62,13.6,7.86,10.67,11.55,7.08,9.1
14,2.73,19.94,31.47,12.23,13.62,9.68,12.28,12.78,13.57,10.56
15,2.89,19.03,32.92,5.82,7.42,10.91,7.39,9.06,11.06,12.4
16,1.16,19.74,34.68,6.3,5.08,8.29,11.67,5.13,9.61,8.25
17,2.28,19.4,34.62,7.08,9.66,10.15,5.45,7.17,9.51,8.6
18,1.21,17.91,30.53,9.32,12.91,13.88,13.26,11.24,9.84,8.53
19,2.32,18.42,31.43,6.79,13.65,5.73,13.83,5.96,14.17,8.19
20,2.82,18.26,33.54,8.05,13.07,8.55,9.82,12.93,7.43,13.27
21,1.86,15.56,32.05,5.71,10.44,10.43,13.31,9.01,9.08,11.9
22,2.86,19.59,32.24,8.45,11.25,14.01,6.83,7.64,7.76,13.98
23,2.2,15.11,30.65,9.88,11.71,8.16,14.4,5.1,7.01,13.2
24,2.69,17.95,33.1,13.26,8.44,11.05,10.38,9.09,9.32,14.4
25,1.11,16.96,33.84,12.7,10.78,11.29,13.46,12.98,10.27,11.58
26,2.07,15.0,31.57,10.75,14.51,5.13,5.89,7.92,5.56,10.74
27,1.61,17.42,31.63,13.79,7.72,5.39,10.87,9.31,5.48,10.96
28,1.36,16.42,34.0,6.74,13.85,12.74,9.63,13.9,6.48,10.65
29,1.76,16.52,34.48,6.11,12.22,13.7,14.32,7.55,9.54,7.2
30,2.52,18.42,30.0,5.8,13.93,12.32,11.88,13.37,8.73,6.09
31,2.78,19.94,31.87,8.82,10.37,11.74,6.06,11.97,12.07,13.35
32,1.5,16.03,30.62,13.51,6.55,8.87,11.54,13.85,8.11,7.96
33,2.59,17.27,34.57,14.26,12.57,7.45,9.41,10.78,9.01,10.59
34,2.74,18.84,34.79,12.37,7.03,13.94,6.4,6.97,6.44,11.0
35,2.65,16.72,32.74,13.38,13.89,10.65,12.92,8.07,12.7,8.44
36,1.88,17.94,33.93,11.46,6.18,13.62,8.69,9.89,6.22,7.82
37,2.44,15.38,31.52,9.2,9.33,13.14,10.49,13.69,13.99,14.44
38,1.22,16.83,33.17,12.91,12.31,10.55,9.64,6.78,7.98,5.61
39,1.99,16.26,31.36,8.18,7.78,8.36,7.49,5.48,5.04,10.05
40,2.83,19.82,31.95,10.45,7.56,5.3,13.65,6.71,6.66,9.66
41,1.44,19.72,32.28,5.28,10.48,9.84,6.51,12.61,11.0,6.2
42,2.31,15.15,31.84,9.36,13.4,12.31,5.51,7.33,12.91,8.12
43,2.25,19.24,34.22,12.64,9.38,11.37,7.19,8.57,12.04,8.05
44,1.54,17.48,33.55,5.41,13.52,12.15,6.44,5.18,10.53,5.45
45,2.11,15.44,30.03,8.51,14.79,13.37,13.76,11.9,13.92,11.14
46,2.19,18.46,34.71,11.55,6.6,12.79,9.12,8.82,13.05,11.05
47,2.72,18.82,31.26,9.63,14.82,6.09,14.01,12.16,7.35,11.38
48,2.36,19.43,33.66,7.59,7.91,7.59,7.94,7.06,11.33,11.26
49,1.67,17.14,31.77,14.19,10.64,7.82,11.22,7.67,12.62,7.3
50,2.71,19.71,33.97,13.95,12.77,6.26,8.34,11.81,13.79,6.42
51,1.06,19.62,30.06,7.18,6.78,7.05,11.87,6.61,14.46,13.24
52,2.78,16.58,32.82,11.15,11.11,7.19,11.19,5.01,11.28,13.53
53,1.92,17.07,30.44,10.78,9.84,9.15,13.04,5.6,8.45,11.75
54,2.99,19.45,32.19,8.57,11.44,8.43,7.26,7.03,5.63,8.77
55,2.7,17.47,30.1,6.44,10.23,10.98,5.02,6.32,7.53,13.9
56,1.03,16.46,30.8,10.4,13.44,14.07,12.07,12.74,7.7,7.78
57,1.7,17.46,30.24,6.89,9.09,5.61,7.13,7.6,11.43,10.38
58,1.3,19.36,30.81,12.05,11.29,10.26,9.72,12.02,11.45,12.19
59,2.12,17.29,32.86,5.94,8.64,12.53,6.19,6.07,8.35,13.08
60,1.84,16.01,33.19,9.02,15.0,13.47,11.29,11.33,9.72,9.34
61,2.98,18.54,33.5,10.37,6.88,5.41,14.61,13.68,5.13,13.62
62,2.05,16.85,31.92,12.08,9.07,8.65,11.57,10.67,5.52,6.2
63,2.15,19.13,34.38,11.94,6.96,9.18,9.97,11.24,14.1,12.41
64,1.96,16.64,30.76,13.35,7.84,14.72,5.77,6.93,6.85,7.41
65,1.27,15.72,32.5,14.43,5.14,11.21,8.64,13.02,8.69,12.72
66,2.51,18.88,33.73,9.79,11.61,7.99,9.77,7.11,9.82,9.58
67,1.97,16.04,34.42,12.44,6.15,9.45,5.69,13.76,12.11,13.86
68,1.37,17.39,32.26,13.29,9.94,11.5,11.12,14.74,11.03,6.67
69,1.39,18.94,31.22,12.94,10.73,14.99,10.7,5.24,9.97,14.14
70,2.43,18.86,31.62,14.23,6.68,14.66,12.49,14.86,13.09,12.47
71,2.37,18.71,31.04,8.09,9.23,10.1,11.49,10.93,8.54,7.74
72,1.33,15.39,34.88,8.68,7.57,12.99,10.54,6.44,6.09,12.2
73,1.58,19.61,30.34,5.56,9.72,8.12,9.55,5.44,10.06,7.26
74,1.68,16.88,32.36,8.74,7.96,8.61,12.99,14.99,11.18,14.26
75,2.58,17.2,31.14,10.84,5.98,14.46,11.75,10.18,13.33,13.01
76,2.34,15.97,31.6,5.86,8.73,12.83,8.23,6.52,11.8,10.02
77,1.57,19.68,32.26,9.43,13.24,9.72,7.75,6.12,13.4,14.66
78,2.15,17.11,33.41,8.85,11.56,13.81,13.7,11.43,11.53,8.93
79,2.29,16.52,30.23,9.74,9.6,5.35,5.29,10.75,6.37,12.02
80,1.73,16.91,30.59,9.72,11.48,14.15,14.96,9.95,9.89,12.05
81,2.85,15.07,34.04,14.06,11.79,13.07,8.65,14.19,11.62,11.64
82,2.82,17.84,30.86,8.22,13.75,10.2,14.96,14.82,9.18,10.35
83,1.42,15.17,32.45,14.85,8.61,10.4,10.98,9.83,5.21,5.23
84,2.24,18.53,32.51,9.85,8.33,7.74,12.17,13.12,6.34,13.5
85,2.3,15.52,31.11,14.34,14.44,7.12,8.18,12.41,5.71,11.2
86,1.79,17.62,34.28,5.88,5.51,13.02,13.97,12.04,14.38,11.34
87,1.65,16.19,34.5,10.18,8.16,12.0,13.73,5.65,8.88,14.51
88,1.68,17.88,32.14,8.3,8.17,5.76,5.38,12.47,12.74,8.66
89,2.16,17.73,34.84,13.42,14.71,8.14,10.1,6.15,10.91,6.73
90,2.47,15.5,31.14,11.44,8.81,13.88,12.91,14.23,6.47,8.38
91,2.4,16.71,31.98,14.14,14.72,7.29,8.42,10.64,7.47,11.95
92,2.12,17.74,30.46,14.96,12.0,14.48,12.44,8.99,14.35,13.58
93,2.76,19.06,30.67,8.98,13.15,10.71,8.95,8.09,7.18,11.81
94,1.23,19.27,32.71,12.45,9.13,14.23,6.84,13.2,7.28,8.24
95,1.09,15.76,31.9,12.5,11.98,6.51,5.61,8.53,14.69,12.15
96,1.59,15.76,31.26,10.27,11.88,13.72,12.77,9.5,12.26,12.58
97,2.22,18.63,34.14,8.43,14.04,11.02,10.6,12.59,14.58,8.99
98,1.98,15.94,33.9,13.44,7.99,8.82,10.74,13.62,12.66,8.35
99,2.26,18.9,31.53,8.9,12.35,9.28,7.91,11.04,8.59,11.49
100,2.53,16.22,32.42,6.19,13.28,5.86,13.17,6.52,10.72,13.15
101,2.08,18.19,33.04,11.51,10.89,9.34,11.32,11.47,5.73,14.02
102,1.26,16.11,33.91,5.08,14.87,5.23,5.05,6.57,14.32,9.98
103,2.62,15.03,34.62,14.54,12.53,12.67,14.12,6.35,8.81,10.3
104,2.1,19.51,31.91,6.32,8.94,6.81,6.55,13.46,8.66,12.55
105,2.46,15.31,33.13,7.69,13.8,8.79,6.71,10.01,13.25,7.87
106,2.87,15.14,33.39,14.31,5.71,11.81,10.92,14.59,12.58,8.49
107,2.66,17.05,32.21,11.81,9.87,13.08,5.82,12.65,8.64,6.58
108,2.03,15.09,33.37,7.36,11.65,10.83,12.58,6.82,9.77,8.87
109,2.44,16.48,33.26,10.89,14.56,11.61,8.01,11.73,10.22,7.5
110,2.24,19.47,34.01,7.79,8.98,10.62,8.87,14.69,7.73,6.27
111,2.92,18.17,30.94,7.21,5.43,10.93,14.12,6.22,10.48,5.67
112,1.05,16.47,32.87,12.72,11.92,12.24,9.71,11.65,10.87,13.4
113,1.87,16.7,32.54,6.99,7.18,5.1,14.86,7.81,5.25,5.0
114,1.79,16.21,32.64,9.21,5.72,10.47,11.26,7.86,9.24,7.65
115,2.13,16.88,31.98,5.49,6.94,7.63,11.81,8.69,9.58,11.28
116,1.16,16.98,32.78,13.63,13.02,7.4,6.32,8.0,14.42,5.57
117,1.6,17.77,30.96,5.63,5.11,13.29,14.65,13.58,5.97,7.08
118,1.61,18.97,30.89,12.97,9.74,13.17,6.02,10.47,6.75,14.99
119,2.09,19.9,34.44,14.39,6.07,7.01,8.06,8.48,12.19,5.37
120,2.32,15.47,33.7,5.32,5.17,14.95,9.31,9.69,12.87,6.97
121,1.71,15.65,34.36,10.85,8.24,14.92,14.22,8.38,5.19,11.18
122,1.7,19.14,34.93,5.54,13.23,5.06,13.87,14.62,10.61,14.08
123,2.55,20.0,32.82,7.09,9.19,10.16,7.06,11.58,9.36,5.52
124,1.34,18.15,31.1,14.49,7.15,11.48,12.27,14.78,7.67,9.15
125,1.77,18.99,30.05,6.56,14.27,10.51,14.82,12.27,11.96,6.32
126,2.48,18.06,30.16,10.34,11.08,5.69,8.73,6.45,13.74,7.68
127,1.47,17.03,34.87,11.0,8.54,9.57,13.43,9.96,11.7,12.78
128,2.41,19.87,32.79,5.02,5.47,9.51,11.39,9.88,5.89,11.86
129,1.24,16.33,31.49,9.05,14.92,12.44,13.62,7.27,10.94,5.1
130,1.12,19.69,32.89,8.67,12.63,13.98,10.04,8.03,10.41,14.9
131,1.42,18.75,33.06,13.11,5.25,8.88,9.1,11.17,12.32,6.04
132,2.9,17.5,32.31,13.2,8.52,6.05,14.34,6.2,12.53,13.37
133,2.14,15.59,32.7,11.17,10.07,11.24,6.63,11.5,13.71,10.19
134,2.92,15.83,30.35,10.52,12.84,12.69,11.71,10.9,12.76,10.83
135,1.66,18.72,33.05,5.74,10.52,12.94,7.66,7.43,11.38,7.04
136,1.44,15.04,34.25,6.71,10.01,6.56,5.18,12.22,12.81,12.67
137,2.62,17.81,30.71,11.68,14.66,10.78,9.91,11.71,7.39,14.35
138,1.63,18.48,31.41,5.37,8.56,5.48,7.57,8.21,13.49,11.54
139,1.04,19.98,31.33,14.8,5.8,8.08,5.41,13.23,14.6,12.32
140,2.88,17.84,35.0,11.72,7.37,12.51,5.98,12.08,7.82,6.7
141,1.8,15.3,33.22,6.15,10.99,5.19,11.04,8.44,10.69,11.45
142,2.03,19.08,33.2,12.16,7.07,11.17,12.66,10.98,13.92,9.0
143,1.13,15.69,32.97,6.38,11.39,8.34,10.8,5.4,14.97,13.3
144,1.82,15.61,32.4,11.27,7.67,14.16,8.55,9.74,14.88,14.6
145,2.97,15.36,30.78,14.6,12.19,5.5,8.8,14.34,7.57,5.55
146,2.87,18.23,30.2,7.64,6.63,7.12,6.11,12.9,11.84,5.18
147,2.57,17.01,34.56,9.67,12.81,6.13,9.5,13.27,6.13,10.23
148,1.62,18.52,31.66,13.22,11.22,6.46,8.78,14.24,5.3,10.1
149,1.27,16.3,34.35,14.47,14.37,9.76,10.2,9.46,7.92,10.42
150,1.21,15.44,34.31,9.93,6.66,14.29,10.05,5.29,10.31,5.13
151,1.32,19.76,33.29,6.82,7.69,8.26,14.53,5.9,7.27,10.45
152,1.08,19.58,32.61,5.17,6.2,11.67,7.84,6.36,13.55,6.83
153,1.56,19.05,34.68,11.09,13.33,9.27,5.23,5.34,14.15,14.55
154,1.2,18.0,32.07,8.13,6.48,14.34,9.17,8.93,7.49,5.78
155,1.51,17.64,33.87,13.99,6.5,12.1,8.15,14.09,5.43,8.47
156,1.1,15.85,33.69,11.07,13.83,11.33,13.92,8.34,13.41,13.45
157,2.34,16.63,32.56,9.28,10.69,11.9,7.32,9.24,13.86,14.18
158,2.76,15.27,33.81,8.77,10.6,10.03,12.01,13.33,11.12,11.69
159,2.21,19.21,31.71,12.31,10.46,9.0,14.43,14.5,14.67,5.99
160,2.95,17.54,31.84,10.02,9.97,9.21,10.47,13.31,12.37,6.95
161,1.53,19.26,33.57,9.53,14.63,9.43,5.32,7.31,13.18,7.1
162,1.09,17.58,31.34,12.02,5.85,13.51,6.76,13.5,11.8,6.56
163,2.85,19.11,31.0,13.72,13.1,14.25,11.03,5.87,5.87,6.86
164,2.68,18.12,34.59,13.73,6.0,5.54,8.26,5.8,6.79,11.97
165,1.52,19.56,33.15,7.03,8.87,11.58,13.11,12.13,8.92,10.61
166,2.61,19.83,30.31,5.23,5.52,8.7,6.79,14.05,14.82,8.04
167,1.83,15.21,33.46,12.87,7.32,5.93,13.21,11.15,14.08,7.61
168,2.67,19.17,33.48,13.59,8.25,10.72,14.73,5.74,9.24,7.22
169,2.79,16.74,34.09,13.15,9.56,5.91,11.78,7.94,12.5,5.3
170,2.38,17.64,32.6,6.93,12.13,14.86,7.35,5.97,13.28,12.09
171,2.35,18.02,32.33,10.29,13.7,7.52,5.16,13.1,8.48,5.71
172,2.71,15.33,31.38,11.32,5.63,7.93,14.59,7.46,11.21,7.13
173,1.84,15.64,30.93,11.22,7.3,11.88,10.43,13.41,13.24,13.1
174,2.49,19.8,31.55,6.59,7.21,12.57,7.0,8.87,6.06,6.45
175,1.64,16.1,34.18,13.04,9.45,9.77,8.29,10.7,8.26,9.54
176,2.95,18.34,32.36,5.29,6.83,8.02,6.15,8.44,5.08,14.84
177,2.61,17.34,31.18,10.96,8.4,14.12,8.36,10.36,7.91,5.73
178,2.0,16.54,33.35,14.64,7.61,13.66,11.97,14.66,7.15,5.42
179,1.81,17.16,31.75,13.67,11.03,7.25,9.27,5.57,9.33,7.6
180,2.39,18.57,30.84,5.45,10.8,6.67,14.7,12.71,13.82,9.46
181,2.23,16.25,30.92,9.13,11.33,14.77,13.04,7.38,5.66,14.6
182,2.5,15.19,30.37,7.15,12.37,12.38,13.53,5.54,5.94,13.7
183,2.55,18.07,31.45,11.58,9.89,6.88,10.82,8.66,11.72,5.86
184,2.0,15.78,33.45,9.83,9.79,5.28,10.6,10.5,6.97,12.73
185,1.95,18.85,31.08,6.6,10.27,7.77,12.35,14.93,6.02,14.09
186,2.81,17.88,34.23,14.09,5.57,12.4,6.91,12.87,9.71,8.11
187,2.48,18.68,33.42,10.62,6.29,7.41,7.2,8.15,14.78,12.85
188,1.38,17.57,30.28,5.64,8.4,6.21,9.95,6.27,5.34,9.42
189,1.29,16.35,33.33,12.33,12.67,9.11,5.75,14.55,6.17,10.86
190,1.73,19.64,32.11,6.28,11.59,8.75,8.89,7.75,6.56,9.08
191,1.31,18.66,31.66,13.91,8.06,13.22,7.78,11.4,11.09,12.92
192,1.9,18.12,33.08,9.46,14.23,13.79,9.33,9.41,8.14,12.6
193,2.75,17.21,34.15,7.35,7.11,6.44,10.19,14.13,13.16,9.86
194,2.97,19.33,34.18,6.01,12.09,14.76,12.46,6.9,10.67,9.64
195,2.39,18.67,34.53,14.03,6.37,5.8,6.35,11.92,13.48,5.92
196,1.86,17.72,34.48,8.24,6.24,11.96,10.3,9.36,11.29,8.7
197,1.4,15.71,34.03,12.15,7.49,7.72,9.37,7.77,13.66,9.94
198,1.19,19.38,31.73,11.39,5.31,7.35,9.86,11.04,8.77,9.23
199,2.91,18.29,31.3,6.67,11.14,6.92,9.47,8.89,10.56,10.99
200,1.91,16.43,34.33,7.76,8.3,9.61,6.23,12.39,12.33,9.74
201,1.25,15.41,34.74,9.49,7.28,7.48,5.54,10.07,10.47,12.97
202,1.49,18.35,33.62,7.82,9.02,5.98,12.71,6.88,8.9,8.31
203,1.78,17.36,30.64,6.87,5.94,6.74,11.61,7.7,11.66,9.38
204,2.59,16.77,32.03,11.3,13.0,12.61,12.08,14.48,11.9,14.81
205,1.07,16.8,30.55,7.84,10.28,12.28,12.82,7.14,13.03,10.91
206,2.04,19.36,31.23,10.09,6.87,14.58,5.64,13.98,12.47,9.92
207,2.93,19.01,31.19,14.72,13.46,6.76,11.42,6.64,10.83,8.74
208,2.26,18.37,34.97,6.05,9.5,10.34,7.96,8.27,5.07,8.6
209,1.64,16.0,31.79,9.99,11.73,7.23,14.79,5.23,9.41,6.9
210,1.17,17.14,33.25,9.11,9.4,8.23,13.36,5.78,12.96,13.75
211,1.54,16.8,34.26,14.92,14.1,6.01,12.85,10.2,8.03,7.39
212,2.64,18.79,34.46,6.5,11.52,14.36,12.39,9.6,7.24,5.07
213,1.92,15.82,33.63,9.27,12.26,14.82,13.39,10.59,5.8,7.96
214,1.49,16.3,30.4,7.24,6.74,5.66,6.47,7.21,8.05,5.25
215,2.17,18.59,34.82,11.73,5.91,9.36,7.12,9.64,9.45,14.72
216,2.33,17.98,32.4,11.61,10.18,12.89,10.28,12.35,12.98,13.8
217,1.52,16.67,33.31,14.74,8.08,8.51,7.84,9.18,13.63,5.9
218,2.94,16.07,34.73,8.03,10.95,11.42,6.94,14.29,9.15,9.68
219,1.02,17.36,34.94,9.59,12.42,9.07,11.45,11.62,10.19,11.76
220,1.35,19.91,31.29,13.56,14.02,9.81,10.36,5.06,6.59,14.41
221,2.06,19.18,33.0,7.95,6.43,12.18,12.53,14.38,6.31,5.36
222,2.42,15.25,34.76,14.62,5.0,6.92,8.12,13.8,14.0,12.27
223,2.01,19.85,30.73,5.99,12.48,7.91,9.01,10.4,7.64,12.49
224,1.94,18.61,31.82,8.36,12.05,10.84,13.51,10.11,6.71,12.9
225,1.57,17.42,34.91,6.23,14.18,13.43,5.95,8.29,8.3,11.11
226,1.43,15.22,32.01,10.5,5.36,11.7,12.6,12.29,6.28,13.66
227,2.45,17.66,30.09,10.16,8.9,14.43,14.17,14.02,12.13,9.17
228,1.47,15.67,34.64,12.57,12.93,14.56,5.1,10.87,14.93,10.77
229,2.2,19.54,33.59,8.33,11.87,9.96,11.92,6.01,10.03,6.63
230,1.28,15.87,30.39,7.51,9.27,6.32,9.21,5.72,14.76,10.49
231,1.89,18.38,33.95,11.86,10.34,8.99,8.5,13.74,9.94,14.28
232,1.14,18.46,30.51,10.59,13.55,6.63,7.71,8.77,9.1,9.24
233,2.69,16.16,30.85,12.0,5.67,7.64,7.55,12.55,12.22,6.02
234,2.08,18.01,31.68,13.87,10.1,13.33,14.89,10.15,14.86,9.32
235,2.52,18.78,32.47,7.47,8.69,11.96,14.45,12.81,5.4,7.36
236,2.18,15.88,30.46,14.78,6.1,10.05,9.58,7.5,10.32,6.39
237,2.56,17.1,33.77,6.4,9.29,14.61,8.59,14.42,12.43,7.54
238,1.45,18.09,30.99,8.55,12.71,6.71,13.89,13.06,8.19,6.29
239,1.95,18.32,30.28,5.08,9.6,12.85,6.24,9.16,8.41,13.84
240,1.36,17.22,32.65,12.56,7.86,5.0,8.47,11.79,6.64,6.78
241,1.15,17.24,32.94,5.12,7.45,9.55,8.98,10.43,10.11,10.12
242,2.83,16.56,33.79,11.9,6.34,9.92,10.15,8.74,10.16,11.4
243,2.79,17.8,32.98,10.24,14.44,8.45,7.0,13.53,10.37,7.89
244,1.74,15.95,31.05,7.31,10.65,11.08,12.22,10.29,7.1,6.13
245,1.46,15.5,32.14,7.9,8.02,11.14,13.6,10.54,9.66,9.78
246,1.71,16.13,32.67,12.81,13.98,10.3,9.06,8.64,14.51,12.34
247,1.93,18.27,30.14,7.42,14.35,9.97,12.73,11.3,8.98,12.83
248,1.4,19.48,32.53,13.02,5.79,6.36,5.59,14.91,6.91,9.48
249,1.18,16.38,30.5,10.67,13.17,13.54,11.09,9.53,11.96,8.9
250,1.85,18.95,34.82,11.76,14.88,6.58,7.42,12.51,14.53,5.82
